AidID,StudentID,AcademicYear,AidType,AidAmount,AidStatus,FAFSAFiled,PackagingDate
AID000001,WMU00382,2024,Work Study,1000,Awarded,Yes,2024-05-28
AID000002,WMU00382,2023,Loan,1500,Accepted,Yes,2023-07-17
AID000003,WMU00321,2024,Grant,12500,Awarded,Yes,2024-01-21
AID000004,WMU00321,2023,Work Study,10000,Awarded,No,2023-02-16
AID000005,WMU00321,2025,Scholarship,-500,Awarded,No,2025-07-06
AID000006,WMU00281,2025,Grant,1500,Declined,Yes,2025-03-08
AID000007,WMU00477,2025,Scholarship,2500,Accepted,Yes,2025-05-01
AID000008,WMU00115,2024,Scholarship,4000,Declined,No,2024-01-01
AID000009,WMU00115,2025,Loan,1500,Awarded,No,2025-08-20
AID000010,WMU00115,2023,Grant,4000,Declined,Yes,2023-12-04
AID000011,WMU00166,2024,Grant,7500,Accepted,No,2024-08-05
AID000012,WMU00139,2025,None,0,Accepted,Yes,2025-07-10
AID000013,WMU00109,2025,Loan,12500,Awarded,No,2025-09-08
AID000014,WMU00482,2023,None,0,Awarded,Yes,2023-01-10
AID000015,WMU00338,2025,Loan,7500,Accepted,No,2025-02-20
AID000016,WMU00147,2023,Loan,5500,Disbursed,No,2023-08-10
AID000017,WMU00147,2025,Scholarship,1000,Accepted,Yes,2025-11-17
AID000018,WMU00211,2025,Work Study,4000,Declined,No,2025-09-21
AID000019,WMU00211,2023,Grant,95000,Disbursed,Yes,2023-11-05
AID000020,WMU00211,2024,Grant,4000,Disbursed,No,2024-04-27
AID000021,WMU00498,2024,Loan,7500,Declined,No,2024-06-19
AID000022,WMU00498,2023,None,0,Declined,Yes,2023-09-25
AID000023,WMU00498,2025,Loan,2500,Awarded,No,2025-10-14
AID000024,WMU00169,2025,Loan,2500,Disbursed,Yes,2025-07-03
AID000025,WMU00169,2023,Grant,10000,Declined,No,2023-08-08
AID000026,WMU00169,2024,Scholarship,12500,Declined,No,2024-08-02
AID000027,WMU00257,2024,Loan,2500,Disbursed,No,2024-02-08
AID000028,WMU00384,2025,Loan,1000,Accepted,No,2025-04-21
AID000029,WMU00384,2023,Grant,5500,Accepted,No,2023-12-13
AID000030,WMU00220,2025,Loan,5500,Declined,No,2025-08-28
AID000031,WMU00220,2023,scholarships,7500,Awarded,No,2023-11-06
AID000032,WMU00220,2024,Scholarship,2500,Declined,Yes,2024-04-10
AID000033,WMU00127,2023,Grant,12500,Accepted,No,2023-02-24
AID000034,WMU00127,2025,Loan,7500,Accepted,No,2025-10-04
AID000035,WMU00127,2024,Loan,7500,Declined,No,2024-05-28
AID000036,WMU00343,2023,Work Study,10000,Awarded,Yes,2023-05-06
AID000037,WMU00343,2024,Loan,12500,Awarded,Yes,2024-04-08
AID000038,WMU00343,2025,Scholarship,7500,Declined,No,2025-03-08
AID000039,WMU00296,2024,None,0,Accepted,No,2024-04-02
AID000040,WMU00014,2023,None,0,Disbursed,No,2023-03-23
AID000041,WMU00014,2025,None,0,Awarded,No,2025-03-04
AID000042,WMU00212,2024,None,0,Accepted,Yes,2024-01-10
AID000043,WMU00212,2023,Grant,10000,Paid,Yes,2023-02-12
AID000044,WMU00402,2023,Work Study,4000,Disbursed,Yes,2023-07-08
AID000045,WMU00402,2025,Scholarship,7500,Awarded,Yes,2025-02-27
AID000046,WMU00402,2024,Scholarship,2500,Awarded,No,2024-09-25
AID000047,WMU00052,2023,Scholarship,1000,Disbursed,Yes,2023-11-19
AID000048,WMU00052,2025,Grant,1500,Accepted,Yes,2025-04-12
AID000049,WMU00202,2023,Grant,1000,Awarded,Yes,2023-11-01
AID000050,WMU00202,2024,Scholarship,7500,Disbursed,Yes,2024-07-05
AID000051,WMU00202,2025,Scholarship,7500,Disbursed,No,2025-12-16
AID000052,WMU00375,2025,Loan,7500,Declined,Yes,2025-12-15
AID000053,WMU00276,2025,Grant,5500,Declined,Yes,2025-03-24
AID000054,WMU00276,2023,Scholarship,1500,Disbursed,No,2023-08-26
AID000055,WMU00276,2024,None,0,Awarded,No,2024-06-13
AID000056,WMU77777,2024,Scholarship,12500,Awarded,Yes,2024-10-10
AID000057,WMU00076,2025,Loan,4000,Awarded,Yes,2025-11-15
AID000058,WMU00152,2024,Work Study,7500,Awarded,No,2024-03-22
AID000059,WMU00152,2025,Work Study,10000,Awarded,Yes,2025-01-26
AID000060,WMU00290,2023,Work Study,1000,Disbursed,Yes,2023-12-20
AID000061,WMU00290,2025,Grant,2500,Accepted,Yes,2025-02-22
AID000062,WMU00290,2024,Grant,10000,Disbursed,No,2024-01-13
AID000063,WMU00241,2024,Loan,4000,Accepted,Yes,2024-04-22
AID000064,WMU00241,2025,Work Study,1500,Declined,Yes,2025-02-28
AID000065,WMU00241,2023,Scholarship,10000,Declined,No,2023-07-08
AID000066,WMU00303,2023,Loan,2500,Declined,Yes,2023-01-02
AID000067,WMU00303,2025,Grant,4000,Disbursed,No,2025-04-19
AID000068,WMU00328,2025,Grant,4000,Accepted,No,2025-07-12
AID000069,WMU00328,2023,None,0,Disbursed,No,2023-10-07
AID000070,WMU00328,2024,Scholarship,12500,Declined,Yes,2024-08-22
AID000071,WMU00122,2023,Loan,1500,Declined,Yes,2023-09-05
AID000072,WMU00122,2024,Grant,1500,Awarded,No,2024-11-28
AID000073,WMU00122,2025,Grant,10000,Declined,Y,2025-12-14
AID000074,WMU00316,2024,Work Study,12500,Accepted,No,2024-02-26
AID000075,WMU00316,2023,Scholarship,12500,Accepted,No,2023-06-12
AID000076,WMU00312,2023,Work Study,7500,Disbursed,No,2023-07-20
AID000077,WMU00386,2024,None,0,Disbursed,No,2024-10-14
AID000078,WMU00386,2025,Scholarship,2500,Declined,No,2025-12-12
AID000079,WMU00456,2023,Loan,10000,Accepted,No,2023-01-14
AID000080,WMU00389,2023,Work Study,7500,Awarded,Yes,2023-11-02
AID000081,WMU00389,2024,Work Study,2500,Disbursed,No,2024-12-16
AID000082,WMU00389,2025,Scholarship,4000,Declined,Yes,2025-10-15
AID000083,WMU00280,2023,Scholarship,1500,Accepted,Yes,2023-05-14
AID000084,WMU00280,2024,Loan,1000,Accepted,Yes,2024-04-10
AID000085,WMU00280,2025,Work Study,12500,Awarded,No,2025-06-16
AID000086,WMU00404,2025,Loan,1500,Declined,Yes,2025-08-01
AID000087,WMU00404,2024,Scholarship,4000,Accepted,Yes,2024-05-15
AID000088,WMU00404,2023,None,0,Accepted,Yes,2023-04-15
AID000089,WMU00337,2025,None,0,Declined,No,2025-02-23
AID000090,WMU00337,2023,Work Study,12500,Disbursed,No,2023-01-13
AID000091,WMU00337,2024,Scholarship,10000,Accepted,Yes,2024-09-14
AID000092,WMU00040,2023,Grant,1500,Accepted,Yes,2023-01-27
AID000093,WMU00213,2025,None,0,Declined,No,2025-03-13
AID000094,WMU00050,2025,Scholarship,4000,Disbursed,No,2025-11-19
AID000095,WMU00050,2023,Work Study,1000,Accepted,No,2023-08-24
AID000096,WMU00182,2025,Work Study,1000,Declined,No,2025-10-10
AID000097,WMU00182,2023,Work Study,2500,Awarded,No,2023-07-09
AID000098,WMU00182,2024,None,0,Awarded,Yes,2024-04-05
AID000099,WMU00441,2025,Grant,4000,Declined,Yes,2025-11-28
AID000100,WMU00441,2024,Grant,1500,Awarded,No,2024-05-13
AID000101,WMU00496,2024,Loan,1000,Awarded,Yes,2024-09-24
AID000102,WMU00345,2025,Loan,1500,Awarded,No,2025-01-09
AID000103,WMU00345,2023,Scholarship,1500,Declined,No,2023-07-17
AID000104,WMU00345,2024,Loan,1500,Accepted,No,2024-04-17
AID000105,WMU00486,2025,None,0,Accepted,No,2025-05-15
AID000106,WMU00486,2023,Loan,7500,Awarded,Yes,2023-01-20
AID000107,WMU00486,2024,Grant,1500,Disbursed,No,2024-07-10
AID000108,WMU00043,2023,Work Study,5500,Awarded,Yes,2023-10-02
AID000109,WMU00043,2024,Scholarship,12500,Awarded,No,2024-10-17
AID000110,WMU00497,2025,Grant,10000,Awarded,Yes,2025-06-17
AID000111,WMU00497,2023,Work Study,10000,Disbursed,Yes,2023-02-19
AID000112,WMU00497,2024,None,0,Disbursed,No,2024-08-12
AID000113,WMU00476,2025,Scholarship,10000,Awarded,No,2025-01-24
AID000114,WMU00476,2023,Loan,1000,Declined,Yes,2023-06-07
AID000115,WMU00476,2024,Loan,7500,Awarded,No,2024-07-11
AID000116,WMU00401,2025,None,0,Declined,Yes,2025-06-08
AID000117,WMU00401,2023,Scholarship,2500,Declined,Yes,2023-07-13
AID000118,WMU00264,2023,Work Study,7500,Awarded,Yes,2023-11-11
AID000119,WMU00264,2025,None,0,Declined,No,2025-07-18
AID000120,WMU00264,2024,Work Study,4000,Awarded,Yes,2024-01-05
AID000121,WMU00336,2024,Work Study,2500,Disbursed,No,2024-07-19
AID000122,WMU00336,2023,None,0,Accepted,No,2023-06-03
AID000123,WMU00336,2025,Loan,1000,Accepted,No,2025-03-28
AID000124,WMU00101,2024,Grant,4000,Awarded,No,2024-04-01
AID000125,WMU00101,2025,None,0,Disbursed,Yes,2025-12-27
AID000126,WMU00101,2023,Grant,12500,Accepted,Yes,2023-08-26
AID000127,WMU00356,2024,Grant,1500,Declined,Yes,2024-06-05
AID000128,WMU00356,2025,Work Study,10000,Accepted,Yes,2025-10-02
AID000129,WMU00237,2024,Grant,2500,Awarded,Yes,2024-03-23
AID000130,WMU00046,2023,Loan,5500,Disbursed,Yes,2023-11-02
AID000131,WMU00046,2025,Loan,12500,Disbursed,No,2025-02-25
AID000132,WMU00015,2025,None,0,Disbursed,Yes,2025-07-12
AID000133,WMU00015,2024,None,0,Disbursed,No,2024-07-13
AID000134,WMU00015,2023,Work Study,10000,Declined,Yes,2023-10-20
AID000135,WMU00126,2025,Scholarship,5500,Declined,Yes,2025-01-20
AID000136,WMU00126,2024,Loan,2500,Accepted,No,2024-03-22
AID000137,WMU00126,2023,Work Study,7500,Accepted,No,2023-10-07
AID000138,WMU00012,2023,None,0,Awarded,No,2023-04-20
AID000139,WMU00012,2025,Grant,12500,Awarded,No,2025-12-10
AID000140,WMU00012,2024,Work Study,4000,Disbursed,Yes,2024-02-11
AID000141,WMU00255,2025,Grant,7500,Awarded,Yes,2025-01-03
AID000142,WMU00255,2023,Work Study,2500,Disbursed,Yes,2023-01-17
AID000143,WMU00413,2023,Work Study,7500,Accepted,No,2023-08-11
AID000144,WMU00107,2024,Loan,5500,Accepted,No,2024-08-03
AID000145,WMU00107,2023,None,0,Accepted,Yes,2023-05-19
AID000146,WMU00107,2025,Work Study,12500,Awarded,No,2025-07-08
AID000147,WMU00243,2025,Loan,4000,Accepted,Yes,2025-04-03
AID000148,WMU00243,2024,Work Study,2500,Disbursed,No,2024-06-05
AID000149,WMU00243,2023,None,0,Accepted,No,2023-07-18
AID000150,WMU00067,2024,Work Study,2500,Declined,Yes,2024-01-26
AID000151,WMU00067,2023,Grant,2500,Awarded,No,2023-11-02
AID000152,WMU00195,2024,Work Study,1000,Declined,Yes,2024-10-01
AID000153,WMU00031,2024,Scholarship,12500,Awarded,No,2024-11-07
AID000154,WMU00031,2025,Grant,4000,Accepted,No,2025-07-28
AID000155,WMU00031,2023,Scholarship,10000,Accepted,Yes,2023-02-02
AID000156,WMU00242,2025,Grant,1000,Accepted,Yes,2025-09-15
AID000157,WMU00354,2023,None,0,Awarded,Yes,2023-09-21
AID000158,WMU00354,2025,Scholarship,7500,Declined,Yes,2025-06-18
AID000159,WMU00354,2024,None,0,Accepted,Yes,2024-10-24
AID000160,WMU00086,2023,Loan,4000,Disbursed,No,2023-07-03
AID000161,WMU00397,2024,Work Study,2500,Awarded,Yes,2024-03-05
AID000162,WMU00426,2025,Loan,5500,Disbursed,No,2025-08-28
AID000163,WMU00426,2024,Grant,7500,Accepted,Yes,2024-02-02
AID000164,WMU00426,2023,Loan,4000,Accepted,Yes,2023-10-14
AID000165,WMU00396,2023,None,0,Declined,Yes,2023-02-18
AID000166,WMU00396,2024,None,0,Awarded,No,2024-03-22
AID000167,WMU00003,2025,Work Study,10000,Declined,Yes,2025-12-04
AID000168,WMU00003,2023,Work Study,12500,Disbursed,No,2023-12-28
AID000169,WMU00049,2025,Work Study,12500,Disbursed,Yes,2025-11-17
AID000170,WMU00141,2023,Work Study,7500,Awarded,Yes,2023-12-21
AID000171,WMU00141,2024,Work Study,2500,Disbursed,No,2024-03-19
AID000172,WMU00141,2025,Scholarship,2500,Disbursed,No,2025-07-15
AID000173,WMU00275,2025,Work Study,10000,Awarded,No,2025-06-06
AID000174,WMU00275,2023,Scholarship,1000,Disbursed,No,2023-10-19
AID000175,WMU00275,2024,Scholarship,7500,Awarded,Yes,2024-06-11
AID000176,WMU00315,2024,Scholarship,10000,Declined,No,2024-07-10
AID000177,WMU00315,2025,Grant,4000,Declined,Yes,2025-06-01
AID000178,WMU00315,2023,Grant,5500,Awarded,No,2023-02-25
AID000179,WMU00217,2024,None,0,Accepted,Yes,2024-03-19
AID000180,WMU00217,2025,Loan,10000,Declined,Yes,2025-09-18
AID000181,WMU00418,2023,Loan,10000,Awarded,Yes,2023-11-12
AID000182,WMU00418,2025,Grant,1000,Accepted,No,2025-05-20
AID000183,WMU00247,2025,None,0,Disbursed,No,2025-11-15
AID000184,WMU00247,2023,Grant,4000,Awarded,Yes,2023-10-07
AID000185,WMU00247,2024,Grant,1500,Awarded,Yes,2024-06-21
AID000186,WMU00284,2023,None,0,Disbursed,Yes,2023-08-09
AID000187,WMU00365,2025,Grant,10000,Declined,Yes,2025-03-06
AID000188,WMU00010,2023,Work Study,4000,Awarded,Yes,2023-07-06
AID000189,WMU00285,2023,Work Study,4000,Awarded,Yes,2023-05-26
AID000190,WMU00072,2024,Work Study,2500,Declined,No,2024-06-08
AID000191,WMU00198,2025,Grant,7500,Disbursed,Yes,2025-11-25
AID000192,WMU00198,2024,Loan,5500,Disbursed,No,2024-07-22
AID000193,WMU00475,2024,Work Study,12500,Accepted,No,2024-11-10
AID000194,WMU00475,2023,Loan,7500,Accepted,No,2023-06-24
AID000195,WMU00422,2024,Work Study,10000,Disbursed,No,2024-09-07
AID000196,WMU00294,2025,Loan,4000,Declined,No,2025-11-06
AID000197,WMU00294,2024,Work Study,12500,Accepted,No,2024-07-27
AID000198,WMU00294,2023,Loan,7500,Accepted,Yes,2023-01-28
AID000199,WMU00435,2024,None,0,Disbursed,Yes,2024-09-20
AID000200,WMU00435,2025,Loan,4000,Accepted,No,2025-10-18
AID000201,WMU00435,2023,Scholarship,5500,Declined,Yes,2023-12-14
AID000202,WMU00061,2025,Loan,1000,Declined,No,2025-01-12
AID000203,WMU00061,2024,Grant,2500,Declined,No,2024-08-06
AID000204,WMU00061,2023,Grant,1000,Disbursed,Yes,2023-05-06
AID000205,WMU00068,2023,Work Study,4000,Disbursed,Yes,2023-10-11
AID000206,WMU00068,2025,Loan,7500,Awarded,Yes,2025-09-01
AID000207,WMU00068,2024,Grant,10000,Accepted,No,2024-09-12
AID000208,WMU00063,2024,Grant,2500,Awarded,No,2024-06-01
AID000209,WMU00490,2023,Scholarship,7500,Accepted,Yes,2023-03-15
AID000210,WMU00490,2025,None,0,Declined,Yes,2025-04-25
AID000211,WMU00490,2024,Work Study,7500,Accepted,Yes,2024-12-24
AID000212,WMU00204,2023,Scholarship,4000,Declined,Yes,2023-05-28
AID000213,WMU00444,2024,Loan,2500,Disbursed,No,2024-03-18
AID000214,WMU00304,2025,Scholarship,7500,Awarded,Yes,2025-09-12
AID000215,WMU00304,2024,Work Study,4000,Accepted,No,2024-06-10
AID000216,WMU00394,2023,Work Study,1000,Awarded,Yes,2023-06-04
AID000217,WMU00394,2024,Grant,12500,Declined,No,2024-06-11
AID000218,WMU00153,2023,Work Study,2500,Disbursed,Yes,2023-09-28
AID000219,WMU00153,2024,Grant,10000,Disbursed,Yes,2024-04-15
AID000220,WMU00153,2025,Loan,10000,Awarded,Yes,2025-02-22
AID000221,WMU00425,2024,Work Study,2500,Disbursed,No,2024-02-06
AID000222,WMU00425,2025,Work Study,1000,Declined,Yes,2025-09-26
AID000223,WMU00227,2024,Grant,1000,Disbursed,Yes,2024-02-20
AID000224,WMU00227,2025,Work Study,4000,Awarded,Yes,2025-10-20
AID000225,WMU00227,2023,Loan,1500,Disbursed,No,2023-01-10
AID000226,WMU00478,2023,None,0,Accepted,Yes,2023-11-23
AID000227,WMU00478,2024,Work Study,12500,Accepted,Yes,2024-03-25
AID000228,WMU00095,2024,Scholarship,1000,Declined,No,2024-02-22
AID000229,WMU00495,2025,Grant,2500,Declined,Yes,2025-07-10
AID000230,WMU00495,2023,Loan,1000,Accepted,Yes,2023-12-08
AID000231,WMU00329,2023,Loan,2500,Disbursed,No,2023-06-15
AID000232,WMU00143,2024,None,0,Awarded,Yes,2024-12-11
AID000233,WMU00143,2023,Loan,1000,Declined,No,2023-04-03
AID000234,WMU00074,2025,Scholarship,10000,Declined,Yes,2025-02-02
AID000235,WMU00074,2023,Scholarship,12500,Disbursed,Yes,2023-11-21
AID000236,WMU00074,2024,Grant,7500,Awarded,No,2024-03-22
AID000237,WMU00485,2023,Work Study,7500,Awarded,No,2023-04-28
AID000238,WMU00485,2024,Scholarship,1500,Disbursed,Yes,2024-11-20
AID000239,WMU00485,2025,Grant,1000,Disbursed,Yes,2025-10-05
AID000240,WMU00297,2023,None,0,Accepted,No,2023-10-03
AID000241,WMU00325,2024,Work Study,10000,Disbursed,Yes,2024-01-12
AID000242,WMU00325,2023,Scholarship,12500,Disbursed,Yes,2023-08-21
AID000243,WMU00085,2024,Loan,4000,Awarded,No,2024-05-11
AID000244,WMU00085,2023,Grant,1000,Accepted,Yes,2023-03-25
AID000245,WMU00199,2024,None,0,Awarded,Yes,2024-12-10
AID000246,WMU00199,2023,Loan,1000,Accepted,No,2023-09-13
AID000247,WMU00199,2025,Work Study,10000,Awarded,Yes,2025-11-25
AID000248,WMU00360,2024,Grant,4000,Declined,No,2024-11-23
AID000249,WMU00472,2025,Loan,1500,Accepted,Yes,2025-07-18
AID000250,WMU00472,2024,None,0,Awarded,Yes,2024-02-08
AID000251,WMU00177,2025,Scholarship,1500,Awarded,No,2025-02-08
AID000252,WMU00177,2023,Scholarship,5500,Disbursed,Yes,2023-02-18
AID000253,WMU00177,2024,Loan,2500,Accepted,Yes,2024-02-08
AID000254,WMU00208,2025,Scholarship,2500,Awarded,Yes,2025-11-24
AID000255,WMU00208,2023,Grant,10000,Awarded,No,2023-04-14
AID000256,WMU00208,2024,Grant,4000,Awarded,No,2024-04-24
AID000257,WMU00106,2025,Work Study,5500,Disbursed,No,2025-08-06
AID000258,WMU00106,2023,Grant,1000,Awarded,No,2023-03-03
AID000259,WMU00098,2025,Grant,12500,Awarded,No,2025-02-14
AID000260,WMU00098,2023,Scholarship,5500,Declined,Yes,2023-11-22
AID000261,WMU00307,2025,Scholarship,4000,Disbursed,Yes,2025-09-12
AID000262,WMU00307,2024,Grant,1500,Awarded,No,2024-11-10
AID000263,WMU00307,2023,Loan,5500,Declined,No,2023-10-16
AID000264,WMU00056,2025,Work Study,7500,Declined,No,2025-02-20
AID000265,WMU00236,2024,Work Study,12500,Awarded,Yes,2024-08-15
AID000266,WMU00412,2025,Scholarship,10000,Accepted,No,2025-07-04
AID000267,WMU00412,2023,Scholarship,10000,Disbursed,No,2023-09-08
AID000268,WMU00412,2024,Grant,7500,Declined,No,2024-04-15
AID000269,WMU00300,2023,None,0,Disbursed,No,2023-01-06
AID000270,WMU00302,2023,Work Study,1500,Declined,No,2023-07-13
AID000271,WMU00302,2025,Scholarship,12500,Disbursed,Yes,2025-12-07
AID000272,WMU00302,2024,Grant,5500,Awarded,Yes,2024-08-14
AID000273,WMU00323,2025,Loan,2500,Awarded,No,2025-03-10
AID000274,WMU00154,2023,None,0,Disbursed,Yes,2023-07-09
AID000275,WMU00154,2025,Work Study,1000,Declined,No,2025-06-13
AID000276,WMU00154,2024,None,0,Disbursed,No,2024-01-07
AID000277,WMU00006,2025,Grant,1000,Declined,Yes,2025-08-22
AID000278,WMU00006,2023,None,0,Accepted,No,2023-12-08
AID000279,WMU00111,2023,Scholarship,1500,Accepted,No,2023-01-13
AID000280,WMU00111,2024,Loan,4000,Declined,Yes,2024-01-09
AID000281,WMU00111,2025,Grant,10000,Accepted,Yes,2025-02-18
AID000282,WMU00203,2023,None,0,Accepted,No,2023-08-04
AID000283,WMU00203,2025,None,0,Accepted,Yes,2025-02-18
AID000284,WMU00408,2024,None,0,Disbursed,Yes,2024-08-11
AID000285,WMU00135,2024,Loan,12500,Awarded,No,2024-03-28
AID000286,WMU00135,2025,Scholarship,1500,Disbursed,Yes,2025-02-09
AID000287,WMU00135,2023,None,0,Disbursed,No,2023-07-12
AID000288,WMU00259,2025,Grant,10000,Awarded,No,2025-04-21
AID000289,WMU00259,2023,Loan,10000,Accepted,Yes,2023-07-07
AID000290,WMU00259,2024,Grant,2500,Disbursed,No,2024-06-15
AID000291,WMU00341,2025,Work Study,1500,Disbursed,No,2025-10-14
AID000292,WMU00041,2024,None,0,Awarded,Yes,2024-10-27
AID000293,WMU00342,2025,None,0,Awarded,No,2025-09-06
AID000294,WMU00057,2023,Grant,12500,Awarded,No,2023-08-12
AID000295,WMU00057,2025,Scholarship,2500,Awarded,No,2025-04-26
AID000296,WMU00057,2024,Scholarship,10000,Awarded,Yes,2024-02-16
AID000297,WMU00093,2025,None,0,Awarded,Yes,2025-05-23
AID000298,WMU00093,2024,None,0,Awarded,Yes,2024-08-22
AID000299,WMU00093,2023,Scholarship,7500,Declined,No,2023-09-25
AID000300,WMU00392,2025,Loan,10000,Accepted,Yes,2025-03-16
AID000301,WMU00392,2023,Loan,4000,Accepted,Yes,2023-06-25
AID000302,WMU00479,2023,Loan,1500,Accepted,No,2023-09-03
AID000303,WMU00479,2024,Loan,12500,Disbursed,Yes,2024-02-27
AID000304,WMU00197,2023,Grant,1500,Disbursed,Yes,2023-10-20
AID000305,WMU00197,2025,Loan,7500,Declined,Yes,2025-04-24
AID000306,WMU00197,2024,None,0,Declined,No,2024-04-04
AID000307,WMU00150,2024,Grant,4000,Awarded,No,2024-10-13
AID000308,WMU00150,2023,None,0,Declined,Yes,2023-11-19
AID000309,WMU00291,2025,Loan,12500,Accepted,No,2025-12-02
AID000310,WMU00291,2024,None,0,Accepted,Yes,2024-08-16
AID000311,WMU00376,2023,Work Study,10000,Awarded,Yes,2023-04-07
AID000312,WMU00376,2024,None,0,Disbursed,Yes,2024-07-15
AID000313,WMU00376,2025,Grant,12500,Accepted,Yes,2025-08-22
AID000314,WMU00454,2025,Loan,1000,Accepted,No,2025-03-21
AID000315,WMU00318,2025,Scholarship,5500,Awarded,Yes,2025-01-14
AID000316,WMU00210,2023,Work Study,7500,Declined,Yes,2023-02-18
AID000317,WMU00210,2025,Grant,5500,Declined,No,2025-03-10
AID000318,WMU00210,2024,None,0,Declined,Yes,2024-11-22
AID000319,WMU00232,2023,Loan,4000,Declined,Yes,2023-12-20
AID000320,WMU00452,2024,Loan,1500,Awarded,No,2024-11-03
AID000321,WMU00452,2025,Loan,10000,Declined,Yes,2025-10-26
AID000322,WMU00480,2024,Work Study,7500,Accepted,Yes,2024-04-15
AID000323,WMU00480,2023,Grant,7500,Declined,Yes,2023-05-27
AID000324,WMU00480,2025,Loan,1500,Awarded,Yes,2025-07-28
AID000325,WMU00489,2025,Grant,1000,Accepted,No,2025-07-11
AID000326,WMU00282,2024,Grant,2500,Accepted,No,2024-07-23
AID000327,WMU00282,2023,Work Study,10000,Disbursed,Yes,2023-03-19
AID000328,WMU00282,2025,Loan,4000,Accepted,No,2025-02-19
AID000329,WMU00453,2023,None,0,Accepted,Yes,2023-10-26
AID000330,WMU00453,2025,Scholarship,5500,Accepted,No,2025-11-21
AID000331,WMU00112,2024,Grant,10000,Disbursed,Yes,2024-09-24
AID000332,WMU00487,2024,Work Study,4000,Accepted,No,2024-11-17
AID000333,WMU00113,2025,Loan,4000,Disbursed,No,2025-02-24
AID000334,WMU00113,2023,None,0,Disbursed,No,2023-10-09
AID000335,WMU00113,2024,Grant,10000,Declined,No,2024-03-10
AID000336,WMU00308,2025,None,0,Accepted,No,2025-10-05
AID000337,WMU00361,2024,Work Study,5500,Accepted,No,2024-01-19
AID000338,WMU00361,2025,Loan,2500,Declined,No,2025-08-27
AID000339,WMU00361,2023,Grant,4000,Disbursed,No,2023-05-11
AID000340,WMU00017,2024,None,0,Awarded,No,2024-07-11
AID000341,WMU00054,2024,Work Study,1500,Accepted,Yes,2024-01-25
AID000342,WMU00200,2025,Scholarship,12500,Accepted,No,2025-05-24
AID000343,WMU00200,2024,None,0,Disbursed,No,2024-09-14
AID000344,WMU00200,2023,Work Study,12500,Declined,No,2023-01-14
AID000345,WMU00377,2023,Work Study,1000,Awarded,No,2023-10-15
AID000346,WMU00377,2024,Grant,1500,Awarded,Yes,2024-09-09
AID000347,WMU00377,2025,Work Study,1500,Declined,No,2025-08-27
AID000348,WMU00087,2024,Loan,1000,Declined,Yes,2024-09-24
AID000349,WMU00087,2025,None,0,Disbursed,Yes,2025-11-04
AID000350,WMU00180,2024,Loan,2500,Accepted,No,2024-12-07
AID000351,WMU00180,2025,Loan,10000,Declined,Yes,2025-05-11
AID000352,WMU00293,2025,Loan,10000,Disbursed,Yes,2025-08-11
AID000353,WMU00440,2023,Loan,2500,Disbursed,Yes,2023-08-27
AID000354,WMU00440,2025,None,0,Accepted,No,2025-08-04
AID000355,WMU00059,2023,Loan,1000,Accepted,No,2023-12-16
AID000356,WMU00059,2025,Work Study,2500,Disbursed,No,2025-09-26
AID000357,WMU00206,2025,Work Study,4000,Declined,Yes,2025-12-14
AID000358,WMU00483,2023,Loan,7500,Accepted,Yes,2023-12-27
AID000359,WMU00483,2024,Grant,1000,Awarded,Yes,2024-08-18
AID000360,WMU00483,2025,None,0,Disbursed,No,2025-02-26
AID000361,WMU00355,2025,Loan,7500,Accepted,No,2025-08-12
AID000362,WMU00355,2023,None,0,Disbursed,No,2023-01-07
AID000363,WMU00355,2024,Work Study,7500,Disbursed,Yes,2024-01-07
AID000364,WMU00309,2024,Loan,5500,Accepted,No,2024-07-17
AID000365,WMU00309,2023,None,0,Disbursed,Yes,2023-04-04
AID000366,WMU00309,2025,None,0,Awarded,Yes,2025-04-08
AID000367,WMU00140,2024,Grant,12500,Awarded,No,2024-04-27
AID000368,WMU00140,2025,Grant,12500,Declined,No,2025-06-15
AID000369,WMU00374,2024,Work Study,2500,Disbursed,Yes,2024-07-15
AID000370,WMU00374,2023,None,0,Declined,Yes,2023-09-20
AID000371,WMU00018,2025,Loan,12500,Declined,No,2025-11-10
AID000372,WMU00018,2024,Scholarship,5500,Declined,Yes,2024-10-12
AID000373,WMU00018,2023,Scholarship,12500,Disbursed,No,2023-01-25
AID000374,WMU00042,2024,Work Study,12500,Disbursed,No,2024-05-01
AID000375,WMU00100,2023,Work Study,10000,Disbursed,No,2023-02-10
AID000376,WMU00100,2025,None,0,Disbursed,No,2025-04-10
AID000377,WMU00116,2023,Loan,12500,Accepted,Yes,2023-01-20
AID000378,WMU00119,2023,None,0,Declined,Yes,2023-07-12
AID000379,WMU00119,2025,Work Study,7500,Accepted,Yes,2025-12-10
AID000380,WMU00119,2024,Loan,7500,Accepted,No,2024-11-22
AID000381,WMU00326,2024,Loan,2500,Accepted,Yes,2024-07-14
AID000382,WMU00326,2023,Grant,1000,Awarded,No,2023-08-01
AID000383,WMU00319,2025,Grant,4000,Declined,No,2025-07-03
AID000384,WMU00319,2023,Grant,10000,Declined,Yes,2023-02-18
AID000385,WMU00319,2024,Grant,7500,Accepted,No,2024-05-13
AID000386,WMU00369,2023,Loan,12500,Disbursed,No,2023-02-17
AID000387,WMU00369,2024,Work Study,12500,Awarded,No,2024-12-15
AID000388,WMU00244,2025,Work Study,2500,Awarded,No,2025-12-05
AID000389,WMU00244,2024,Loan,10000,Declined,No,2024-01-17
AID000390,WMU00244,2023,None,0,Awarded,No,2023-12-06
AID000391,WMU00215,2023,Scholarship,2500,Disbursed,No,2023-05-28
AID000392,WMU00215,2025,Grant,7500,Declined,No,2025-11-08
AID000393,WMU00215,2024,None,0,Disbursed,Yes,2024-03-03
AID000394,WMU00417,2023,Grant,4000,Awarded,No,2023-07-02
AID000395,WMU00417,2024,Loan,12500,Declined,No,2024-04-07
AID000396,WMU00380,2025,Work Study,7500,Accepted,No,2025-08-10
AID000397,WMU00380,2023,Loan,2500,Awarded,Yes,2023-06-20
AID000398,WMU00380,2024,Loan,5500,Awarded,Yes,2024-12-28
AID000399,WMU00409,2023,Scholarship,7500,Awarded,No,2023-07-10
AID000400,WMU00409,2025,Work Study,12500,Declined,Yes,2025-04-03
AID000401,WMU00409,2024,Scholarship,7500,Awarded,Yes,2024-01-05
AID000402,WMU00274,2025,Scholarship,5500,Disbursed,No,2025-09-27
AID000403,WMU00274,2024,Grant,7500,Accepted,No,2024-11-06
AID000404,WMU00449,2023,Loan,1000,Declined,Yes,2023-03-18
AID000405,WMU00449,2024,Work Study,7500,Declined,Yes,2024-07-15
AID000406,WMU00449,2025,Loan,2500,Accepted,Yes,2025-02-19
AID000407,WMU00145,2024,None,0,Awarded,Yes,2024-12-02
AID000408,WMU00024,2025,Grant,5500,Disbursed,Yes,2025-05-05
AID000409,WMU00289,2025,Scholarship,1500,Declined,No,2025-12-27
AID000410,WMU00289,2023,Scholarship,1000,Awarded,Yes,2023-02-17
AID000411,WMU00289,2024,Loan,2500,Disbursed,Yes,2024-05-03
AID000412,WMU00461,2024,Work Study,1500,Accepted,Yes,2024-02-11
AID000413,WMU00136,2024,Grant,1500,Declined,Yes,2024-01-07
AID000414,WMU00136,2025,Grant,5500,Declined,Yes,2025-08-15
AID000415,WMU00136,2023,None,0,Awarded,Yes,2023-01-20
AID000416,WMU00353,2024,Loan,7500,Disbursed,No,2024-12-27
AID000417,WMU00353,2025,Work Study,4000,Declined,No,2025-05-04
AID000418,WMU00353,2023,None,0,Accepted,Yes,2023-03-14
AID000419,WMU00032,2025,Scholarship,1000,Disbursed,No,2025-11-03
AID000420,WMU00032,2024,None,0,Awarded,Yes,2024-07-04
AID000421,WMU00032,2023,Work Study,10000,Awarded,Yes,2023-01-25
AID000422,WMU00037,2025,Loan,2500,Awarded,No,2025-09-05
AID000423,WMU00037,2023,Work Study,2500,Accepted,Yes,2023-11-26
AID000424,WMU00037,2024,Work Study,7500,Disbursed,Yes,2024-11-26
AID000425,WMU00223,2025,Scholarship,1000,Accepted,No,2025-08-19
AID000426,WMU00223,2024,Grant,1000,Awarded,No,2024-10-08
AID000427,WMU00253,2025,Loan,12500,Accepted,Yes,2025-09-21
AID000428,WMU00317,2023,Scholarship,2500,Awarded,Yes,2023-11-22
AID000429,WMU00317,2025,Work Study,5500,Declined,No,2025-12-05
AID000430,WMU00020,2023,Grant,2500,Declined,Yes,2023-05-11
AID000431,WMU00020,2024,Scholarship,1000,Declined,Yes,2024-12-05
AID000432,WMU00038,2025,Work Study,1000,Declined,Yes,2025-03-26
AID000433,WMU00038,2024,Scholarship,5500,Awarded,No,2024-06-28
AID000434,WMU00038,2023,Loan,12500,Declined,No,2023-07-23
AID000435,WMU00129,2024,Loan,1500,Declined,No,2024-07-23
AID000436,WMU00129,2023,Loan,4000,Awarded,Yes,2023-07-11
AID000437,WMU00129,2025,Loan,10000,Accepted,Yes,2025-09-18
AID000438,WMU00279,2025,Work Study,7500,Disbursed,Yes,2025-02-07
AID000439,WMU00279,2024,Work Study,1000,Disbursed,Yes,2024-03-27
AID000440,WMU00047,2023,Scholarship,10000,Awarded,No,2023-08-27
AID000441,WMU00047,2025,None,0,Declined,No,2025-02-25
AID000442,WMU00047,2024,None,0,Awarded,Yes,2024-09-01
AID000443,WMU00491,2024,Grant,5500,Declined,Yes,2024-09-06
AID000444,WMU00330,2025,Grant,1500,Declined,No,2025-10-24
AID000445,WMU00330,2024,Grant,7500,Accepted,No,2024-08-05
AID000446,WMU00330,2023,None,0,Accepted,No,2023-02-24
AID000447,WMU00370,2024,Grant,7500,Accepted,Yes,2024-11-24
AID000448,WMU00370,2023,Work Study,12500,Awarded,No,2023-09-25
AID000449,WMU00327,2024,Work Study,2500,Accepted,No,2024-11-22
AID000450,WMU00327,2025,None,0,Accepted,Yes,2025-09-06
AID000451,WMU00327,2023,None,0,Awarded,Yes,2023-09-07
AID000452,WMU00450,2023,Loan,4000,Awarded,No,2023-09-17
AID000453,WMU00013,2024,Work Study,12500,Disbursed,No,2024-09-01
AID000454,WMU00013,2025,None,0,Disbursed,No,2025-06-26
AID000455,WMU00025,2023,Loan,7500,Disbursed,No,2023-03-03
AID000456,WMU00025,2024,Scholarship,7500,Accepted,Yes,2024-08-11
AID000457,WMU00025,2025,Loan,7500,Accepted,No,2025-05-18
AID000458,WMU00160,2024,Grant,5500,Disbursed,Yes,2024-07-15
AID000459,WMU00160,2025,Loan,1500,Awarded,No,2025-07-09
AID000460,WMU00160,2023,Loan,4000,Declined,No,2023-06-26
AID000461,WMU00083,2023,Work Study,5500,Awarded,No,2023-08-17
AID000462,WMU00083,2024,None,0,Disbursed,Yes,2024-12-01
AID000463,WMU00298,2025,Scholarship,7500,Accepted,Yes,2025-02-13
AID000464,WMU00078,2023,Grant,7500,Disbursed,Yes,2023-03-09
AID000465,WMU00272,2023,None,0,Declined,Yes,2023-05-25
AID000466,WMU00214,2025,Work Study,10000,Awarded,No,2025-07-21
AID000467,WMU00214,2023,Grant,1500,Awarded,No,2023-01-26
AID000468,WMU00214,2024,Scholarship,4000,Declined,Yes,2024-02-27
AID000469,WMU00488,2023,Scholarship,7500,Disbursed,No,2023-12-16
AID000470,WMU00488,2024,Grant,7500,Declined,No,2024-05-14
AID000471,WMU00406,2024,Scholarship,2500,Disbursed,Yes,2024-10-14
AID000472,WMU00207,2024,Scholarship,12500,Accepted,Yes,2024-11-11
AID000473,WMU00207,2025,Scholarship,10000,Declined,Yes,2025-02-20
AID000474,WMU00339,2023,Work Study,2500,Declined,Yes,2023-03-03
AID000475,WMU00339,2024,Loan,7500,Accepted,Yes,2024-01-22
AID000476,WMU00339,2025,Work Study,12500,Declined,No,2025-09-05
AID000477,WMU00388,2023,Work Study,2500,Disbursed,No,2023-04-20
AID000478,WMU00021,2024,None,0,Declined,No,2024-12-13
AID000479,WMU00021,2025,Grant,12500,Awarded,No,2025-06-03
AID000480,WMU00359,2025,Work Study,12500,Declined,No,2025-02-05
AID000481,WMU00359,2023,None,0,Declined,No,2023-02-26
AID000482,WMU00359,2024,Loan,2500,Declined,Yes,2024-11-04
AID000483,WMU00443,2024,None,0,Accepted,No,2024-11-19
AID000484,WMU00443,2023,Work Study,5500,Disbursed,No,2023-07-12
AID000485,WMU00390,2024,Work Study,1000,Declined,No,2024-05-24
AID000486,WMU00390,2023,None,0,Declined,Yes,2023-11-27
AID000487,WMU00460,2023,None,0,Disbursed,No,2023-02-11
AID000488,WMU00460,2024,Work Study,2500,Accepted,Yes,2024-10-09
AID000489,WMU00103,2023,Scholarship,5500,Awarded,No,2023-04-12
AID000490,WMU00103,2024,None,0,Disbursed,No,2024-02-02
AID000491,WMU00103,2025,Grant,1500,Awarded,No,2025-11-09
AID000492,WMU00133,2024,Loan,5500,Accepted,Yes,2024-11-09
AID000493,WMU00133,2023,None,0,Disbursed,Yes,2023-03-12
AID000494,WMU00451,2024,Work Study,5500,Awarded,Yes,2024-06-09
AID000495,WMU00451,2025,Work Study,5500,Awarded,No,2025-09-11
AID000496,WMU00492,2024,None,0,Declined,Yes,2024-04-28
AID000497,WMU00492,2025,Scholarship,7500,Declined,No,2025-09-01
AID000498,WMU00492,2023,None,0,Declined,No,2023-12-20
AID000499,WMU00155,2024,None,0,Awarded,No,2024-07-02
AID000500,WMU00155,2025,Scholarship,5500,Awarded,Yes,2025-07-06
AID000501,WMU00134,2023,Loan,12500,Awarded,No,2023-01-15
AID000502,WMU00080,2024,Work Study,12500,Awarded,No,2024-12-16
AID000503,WMU00431,2025,Loan,1500,Declined,No,2025-10-11
AID000504,WMU00431,2024,Grant,4000,Disbursed,No,2024-06-23
AID000505,WMU00431,2023,Work Study,1000,Awarded,No,2023-01-07
AID000506,WMU00108,2024,Grant,12500,Declined,Yes,2024-11-28
AID000507,WMU00108,2023,Grant,1500,Disbursed,Yes,2023-07-15
AID000508,WMU00108,2025,None,0,Declined,Yes,2025-08-18
AID000509,WMU00164,2025,None,0,Declined,No,2025-11-04
AID000510,WMU00164,2023,Work Study,2500,Awarded,No,2023-10-26
AID000511,WMU00102,2025,None,0,Disbursed,No,2025-07-22
AID000512,WMU00039,2024,Scholarship,10000,Disbursed,Yes,2024-06-22
AID000513,WMU00218,2025,Grant,12500,Awarded,No,2025-03-05
AID000514,WMU00218,2024,None,0,Accepted,No,2024-02-07
AID000515,WMU00469,2024,Grant,4000,Awarded,Yes,2024-05-07
AID000516,WMU00245,2025,Work Study,5500,Accepted,No,2025-11-10
AID000517,WMU00471,2023,Scholarship,7500,Disbursed,No,2023-08-25
AID000518,WMU00471,2024,Grant,5500,Awarded,Yes,2024-12-25
AID000519,WMU00471,2025,Grant,1000,Disbursed,Yes,2025-06-25
AID000520,WMU00252,2024,Work Study,1000,Accepted,No,2024-03-22
AID000521,WMU00252,2025,Work Study,4000,Disbursed,No,2025-12-25
AID000522,WMU00252,2023,Grant,2500,Disbursed,No,2023-10-04
AID000523,WMU00172,2023,Scholarship,4000,Accepted,Yes,2023-05-21
AID000524,WMU00287,2023,Work Study,1500,Awarded,No,2023-11-18
AID000525,WMU00287,2024,None,0,Accepted,No,2024-10-28
AID000526,WMU00287,2025,Loan,10000,Declined,No,2025-05-21
AID000527,WMU00125,2024,Scholarship,2500,Declined,No,2024-05-10
AID000528,WMU00125,2025,Grant,1500,Awarded,No,2025-02-07
AID000529,WMU00125,2023,Work Study,12500,Accepted,Yes,2023-11-11
AID000530,WMU00420,2023,Scholarship,1500,Accepted,No,2023-12-14
AID000531,WMU00470,2024,Work Study,1500,Declined,No,2024-11-05
AID000532,WMU00470,2023,Scholarship,1000,Awarded,No,2023-11-17
AID000533,WMU00470,2025,Scholarship,4000,Accepted,No,2025-05-02
AID000534,WMU00238,2023,Scholarship,12500,Accepted,Yes,2023-07-01
AID000535,WMU00383,2023,None,0,Disbursed,No,2023-05-15
AID000536,WMU00026,2023,Work Study,12500,Disbursed,Yes,2023-09-08
AID000537,WMU00026,2025,Work Study,10000,Accepted,No,2025-01-16
AID000538,WMU00053,2025,Grant,10000,Accepted,Yes,2025-08-05
AID000539,WMU00053,2024,Grant,5500,Disbursed,Yes,2024-11-10
AID000540,WMU00429,2025,Work Study,4000,Awarded,Yes,2025-11-06
AID000541,WMU00352,2024,Work Study,5500,Disbursed,No,2024-05-04
AID000542,WMU00352,2025,None,0,Awarded,No,2025-01-11
AID000543,WMU00379,2025,Work Study,5500,Awarded,No,2025-11-01
AID000544,WMU00379,2023,Scholarship,5500,Accepted,No,2023-11-04
AID000545,WMU00379,2024,None,0,Disbursed,Yes,2024-02-18
AID000546,WMU00016,2025,Loan,1500,Accepted,No,2025-09-05
AID000547,WMU00421,2024,Work Study,5500,Accepted,Yes,2024-06-08
AID000548,WMU00421,2025,Grant,4000,Disbursed,Yes,2025-06-06
AID000549,WMU00421,2023,Work Study,1000,Accepted,Yes,2023-02-14
AID000550,WMU00436,2025,Loan,5500,Awarded,Yes,2025-10-08
AID000551,WMU00436,2023,Scholarship,7500,Accepted,No,2023-04-22
AID000552,WMU00436,2024,None,0,Awarded,Yes,2024-07-12
AID000553,WMU00448,2023,Grant,12500,Declined,No,2023-05-13
AID000554,WMU00448,2024,None,0,Accepted,No,2024-02-01
AID000555,WMU00124,2025,Grant,5500,Awarded,Yes,2025-03-18
AID000556,WMU00246,2023,Grant,7500,Declined,No,2023-10-19
AID000557,WMU00219,2023,Loan,12500,Awarded,No,2023-08-03
AID000558,WMU00334,2025,Scholarship,1000,Declined,No,2025-09-15
AID000559,WMU00334,2023,Grant,5500,Awarded,Yes,2023-05-23
AID000560,WMU00427,2023,Grant,10000,Declined,Yes,2023-11-21
AID000561,WMU00427,2024,None,0,Declined,Yes,2024-04-15
AID000562,WMU00023,2025,Grant,12500,Disbursed,No,2025-08-28
AID000563,WMU00023,2024,Work Study,1000,Awarded,No,2024-05-08
AID000564,WMU00368,2024,Scholarship,1500,Disbursed,Yes,2024-01-08
AID000565,WMU00368,2025,Scholarship,2500,Declined,No,2025-12-27
AID000566,WMU00311,2025,Work Study,5500,Declined,Yes,2025-01-10
AID000567,WMU00311,2024,None,0,Declined,Yes,2024-10-10
AID000568,WMU00311,2023,Work Study,4000,Awarded,Yes,2023-06-13
AID000569,WMU00030,2024,Loan,2500,Disbursed,Yes,2024-08-20
AID000570,WMU00256,2024,Work Study,1500,Awarded,Yes,2024-01-16
AID000571,WMU00256,2025,None,0,Disbursed,No,2025-05-15
AID000572,WMU00256,2023,Loan,5500,Declined,No,2023-06-15
AID000573,WMU00225,2025,None,0,Disbursed,Yes,2025-03-13
AID000574,WMU00035,2025,None,0,Declined,No,2025-11-01
AID000575,WMU00035,2023,Scholarship,1000,Declined,No,2023-09-28
AID000576,WMU00035,2024,Loan,10000,Awarded,No,2024-07-24
AID000577,WMU00201,2025,Grant,4000,Accepted,No,2025-09-16
AID000578,WMU00201,2023,Grant,12500,Disbursed,No,2023-08-20
AID000579,WMU00201,2024,Loan,12500,Awarded,Yes,2024-10-19
AID000580,WMU00181,2023,Scholarship,12500,Disbursed,Yes,2023-12-26
AID000581,WMU00181,2024,Work Study,1500,Awarded,Yes,2024-08-25
AID000582,WMU00466,2024,Grant,2500,Disbursed,Yes,2024-03-22
AID000583,WMU00273,2024,None,0,Accepted,No,2024-04-06
AID000584,WMU00175,2023,Scholarship,1000,Accepted,Yes,2023-10-19
AID000585,WMU00446,2024,Loan,10000,Awarded,No,2024-12-01
AID000586,WMU00419,2025,Scholarship,1000,Disbursed,No,2025-11-05
AID000587,WMU00419,2024,Scholarship,7500,Disbursed,No,2024-06-25
AID000588,WMU00351,2025,Loan,1500,Accepted,No,2025-04-16
AID000589,WMU00005,2023,Loan,5500,Declined,No,2023-09-16
AID000590,WMU00005,2025,Loan,4000,Awarded,Yes,2025-10-21
AID000591,WMU00005,2024,None,0,Awarded,No,2024-03-12
AID000592,WMU00226,2024,None,0,Awarded,No,2024-04-15
AID000593,WMU00226,2023,Work Study,5500,Accepted,No,2023-06-26
AID000594,WMU00283,2024,None,0,Disbursed,No,2024-09-13
AID000595,WMU00320,2025,Scholarship,1000,Accepted,Yes,2025-03-04
AID000596,WMU00387,2023,Work Study,1000,Awarded,No,2023-09-13
AID000597,WMU00002,2023,None,0,Disbursed,No,2023-03-17
AID000598,WMU00002,2025,Work Study,4000,Awarded,No,2025-03-26
AID000599,WMU00372,2025,Work Study,2500,Awarded,No,2025-11-19
AID000600,WMU00372,2024,Work Study,5500,Declined,Yes,2024-07-01
AID000601,WMU00265,2023,Scholarship,1000,Disbursed,Yes,2023-01-11
AID000602,WMU00391,2025,Grant,2500,Disbursed,No,2025-06-22
AID000603,WMU00292,2023,Grant,2500,Accepted,Yes,2023-02-24
AID000604,WMU00168,2024,Loan,5500,Awarded,No,2024-05-17
AID000605,WMU00168,2025,Work Study,2500,Awarded,Yes,2025-05-13
AID000606,WMU00350,2023,Loan,1000,Awarded,No,2023-03-13
AID000607,WMU00350,2024,None,0,Disbursed,No,2024-05-06
AID000608,WMU00075,2023,Work Study,1000,Disbursed,No,2023-05-24
AID000609,WMU00364,2023,None,0,Declined,No,2023-03-08
AID000610,WMU00364,2025,None,0,Accepted,No,2025-09-23
AID000611,WMU00364,2024,Grant,10000,Awarded,Yes,2024-05-11
AID000612,WMU00263,2025,Scholarship,2500,Disbursed,No,2025-02-09
AID000613,WMU00263,2023,None,0,Declined,Yes,2023-10-21
AID000614,WMU00034,2023,Loan,1000,Awarded,No,2023-08-20
AID000615,WMU00034,2025,Work Study,2500,Awarded,Yes,2025-06-03
AID000616,WMU00137,2023,None,0,Accepted,No,2023-03-08
AID000617,WMU00137,2025,Scholarship,2500,Disbursed,Yes,2025-05-19
AID000618,WMU00137,2024,Scholarship,12500,Declined,Yes,2024-10-04
AID000619,WMU00118,2025,Loan,1500,Awarded,No,2025-04-26
AID000620,WMU00118,2024,None,0,Disbursed,Yes,2024-05-20
AID000621,WMU00162,2023,Work Study,7500,Disbursed,No,2023-12-28
AID000622,WMU00077,2024,Scholarship,5500,Disbursed,Yes,2024-10-14
AID000623,WMU00082,2024,Scholarship,7500,Awarded,Yes,2024-12-03
AID000624,WMU00216,2024,None,0,Disbursed,No,2024-04-25
AID000625,WMU00251,2024,Scholarship,5500,Declined,Yes,2024-11-10
AID000626,WMU00251,2025,Scholarship,7500,Declined,No,2025-09-16
AID000627,WMU00251,2023,Scholarship,10000,Declined,No,2023-02-11
AID000628,WMU00179,2025,Scholarship,1000,Accepted,Yes,2025-04-09
AID000629,WMU00179,2024,None,0,Awarded,No,2024-03-10
AID000630,WMU00416,2025,Grant,1000,Awarded,No,2025-01-20
AID000631,WMU00416,2024,Grant,10000,Declined,No,2024-04-16
AID000632,WMU00156,2023,Scholarship,10000,Disbursed,Yes,2023-03-12
AID000633,WMU00156,2024,Loan,2500,Awarded,Yes,2024-07-26
AID000634,WMU00055,2023,Loan,1000,Awarded,No,2023-03-15
AID000635,WMU00055,2025,Scholarship,1500,Awarded,No,2025-03-27
AID000636,WMU00055,2024,Scholarship,10000,Declined,Yes,2024-05-16
AID000637,WMU00344,2024,Grant,1500,Declined,Yes,2024-10-26
AID000638,WMU00344,2023,Scholarship,4000,Declined,No,2023-08-26
AID000639,WMU00467,2023,None,0,Accepted,No,2023-10-14
AID000640,WMU00467,2025,Work Study,12500,Disbursed,Yes,2025-06-08
AID000641,WMU00131,2023,Work Study,2500,Declined,No,2023-12-25
AID000642,WMU00131,2025,Scholarship,10000,Declined,Yes,2025-01-24
AID000643,WMU00131,2024,Scholarship,2500,Awarded,Yes,2024-12-21
AID000644,WMU00399,2024,Loan,12500,Disbursed,Yes,2024-11-10
AID000645,WMU00439,2023,None,0,Disbursed,Yes,2023-12-23
AID000646,WMU00439,2024,Loan,7500,Declined,Yes,2024-12-10
AID000647,WMU00430,2025,Scholarship,1500,Disbursed,No,2025-10-05
AID000648,WMU00473,2025,Work Study,7500,Declined,Yes,2025-10-07
AID000649,WMU00473,2023,Loan,4000,Disbursed,Yes,2023-05-11
AID000650,WMU00473,2024,Scholarship,2500,Declined,Yes,2024-09-16
AID000651,WMU00110,2025,Work Study,4000,Accepted,Yes,2025-04-08
AID000652,WMU00110,2023,Grant,12500,Accepted,No,2023-06-08
AID000653,WMU00110,2024,Scholarship,1000,Accepted,Yes,2024-07-10
AID000654,WMU00423,2023,Scholarship,5500,Disbursed,No,2023-01-21
AID000655,WMU00266,2025,Work Study,2500,Awarded,Yes,2025-04-12
AID000656,WMU00266,2024,Grant,7500,Awarded,No,2024-01-05
AID000657,WMU00266,2023,Scholarship,2500,Declined,Yes,2023-01-16
AID000658,WMU00019,2023,Loan,12500,Awarded,No,2023-11-23
AID000659,WMU00019,2024,Grant,5500,Accepted,Yes,2024-11-27
AID000660,WMU00019,2025,Loan,7500,Disbursed,No,2025-02-03
AID000661,WMU00062,2025,Loan,1500,Accepted,No,2025-04-17
AID000662,WMU00062,2023,Grant,12500,Awarded,Yes,2023-04-27
AID000663,WMU00062,2024,Loan,1000,Declined,Yes,2024-12-23
AID000664,WMU00142,2025,Grant,12500,Awarded,No,2025-12-16
AID000665,WMU00142,2024,Loan,7500,Disbursed,Yes,2024-07-14
AID000666,WMU00240,2023,None,0,Accepted,No,2023-07-08
AID000667,WMU00414,2024,Grant,10000,Accepted,Yes,2024-11-22
AID000668,WMU00261,2025,Scholarship,7500,Accepted,Yes,2025-01-15
AID000669,WMU00261,2024,Work Study,1500,Declined,Yes,2024-05-05
AID000670,WMU00261,2023,Grant,7500,Disbursed,No,2023-11-21
AID000671,WMU00128,2025,Work Study,1500,Declined,Yes,2025-11-07
AID000672,WMU00128,2024,Work Study,1000,Awarded,Yes,2024-02-02
AID000673,WMU00250,2024,Work Study,1500,Awarded,Yes,2024-10-05
AID000674,WMU00158,2025,None,0,Accepted,Yes,2025-05-26
AID000675,WMU00158,2023,Work Study,1500,Disbursed,Yes,2023-09-17
AID000676,WMU00029,2024,None,0,Disbursed,No,2024-02-17
AID000677,WMU00267,2024,Loan,1000,Disbursed,No,2024-07-25
AID000678,WMU00267,2025,None,0,Accepted,No,2025-08-06
AID000679,WMU00267,2023,None,0,Awarded,Yes,2023-08-05
AID000680,WMU00185,2024,None,0,Awarded,No,2024-08-05
AID000681,WMU00185,2023,Scholarship,12500,Accepted,No,2023-07-10
AID000682,WMU00185,2025,Grant,12500,Accepted,Yes,2025-09-08
AID000683,WMU00268,2024,None,0,Disbursed,No,2024-02-21
AID000684,WMU00148,2024,None,0,Accepted,No,2024-08-03
AID000685,WMU00148,2025,Loan,10000,Disbursed,No,2025-10-02
AID000686,WMU00346,2024,Work Study,7500,Awarded,No,2024-08-04
AID000687,WMU00346,2025,Grant,10000,Declined,No,2025-07-02
AID000688,WMU00044,2025,Work Study,4000,Declined,Yes,2025-02-17
AID000689,WMU00044,2024,Grant,12500,Accepted,Yes,2024-01-24
AID000690,WMU00064,2023,Loan,7500,Disbursed,No,2023-04-08
AID000691,WMU00415,2025,Work Study,4000,Awarded,Yes,2025-02-13
AID000692,WMU00415,2024,Work Study,12500,Awarded,Yes,2024-07-04
AID000693,WMU00231,2024,Scholarship,1000,Awarded,Yes,2024-05-22
AID000694,WMU00231,2025,Grant,2500,Declined,No,2025-06-11
AID000695,WMU00090,2025,Grant,7500,Declined,Yes,2025-09-24
AID000696,WMU00073,2023,Work Study,12500,Accepted,No,2023-03-10
AID000697,WMU00073,2025,Work Study,1500,Disbursed,Yes,2025-01-07
AID000698,WMU00073,2024,Loan,4000,Accepted,Yes,2024-01-01
AID000699,WMU00288,2023,Loan,2500,Declined,Yes,2023-01-16
AID000700,WMU00288,2024,Loan,1500,Disbursed,No,2024-06-09
AID000701,WMU00288,2025,Work Study,10000,Accepted,No,2025-12-07
AID000702,WMU00193,2023,Scholarship,2500,Declined,Yes,2023-08-25
AID000703,WMU00193,2024,Loan,10000,Awarded,Yes,2024-03-05
AID000704,WMU00295,2023,Scholarship,4000,Declined,Yes,2023-06-13
AID000705,WMU00022,2024,Scholarship,7500,Awarded,No,2024-09-19
AID000706,WMU00022,2025,Grant,5500,Awarded,Yes,2025-09-01
AID000707,WMU00022,2023,Loan,1500,Disbursed,No,2023-07-02
AID000708,WMU00428,2025,Scholarship,2500,Disbursed,No,2025-05-16
AID000709,WMU00428,2023,None,0,Awarded,No,2023-04-14
AID000710,WMU00428,2024,Grant,7500,Accepted,No,2024-07-20
AID000711,WMU00445,2025,Loan,5500,Accepted,Yes,2025-03-06
AID000712,WMU00445,2024,Loan,2500,Declined,No,2024-04-24
AID000713,WMU00464,2023,Work Study,4000,Disbursed,Yes,2023-05-12
AID000714,WMU00348,2023,Grant,1500,Awarded,Yes,2023-07-22
AID000715,WMU00313,2025,Loan,1500,Accepted,No,2025-01-13
AID000716,WMU00313,2023,Grant,1000,Declined,No,2023-02-28
AID000717,WMU00299,2025,None,0,Accepted,No,2025-07-22
AID000718,WMU00299,2023,None,0,Accepted,No,2023-12-16
AID000719,WMU00299,2024,Work Study,4000,Declined,Yes,2024-01-08
AID000720,WMU00048,2023,Grant,4000,Awarded,Yes,2023-02-28
AID000721,WMU00048,2024,None,0,Awarded,No,2024-01-11
AID000722,WMU00322,2025,Scholarship,2500,Declined,Yes,2025-08-28
AID000723,WMU00324,2025,Loan,12500,Awarded,No,2025-07-01
AID000724,WMU00324,2023,None,0,Declined,Yes,2023-07-15
AID000725,WMU00324,2024,Grant,5500,Disbursed,Yes,2024-02-01
AID000726,WMU00105,2023,Loan,7500,Disbursed,No,2023-06-16
AID000727,WMU00465,2023,Work Study,7500,Disbursed,No,2023-01-15
AID000728,WMU00065,2024,Scholarship,12500,Declined,No,2024-10-21
AID000729,WMU00065,2023,None,0,Disbursed,Yes,2023-10-08
AID000730,WMU00065,2025,Scholarship,1500,Accepted,No,2025-12-20
AID000731,WMU00089,2023,Work Study,5500,Awarded,Yes,2023-07-01
AID000732,WMU00089,2025,Scholarship,2500,Disbursed,No,2025-06-08
AID000733,WMU00335,2025,None,0,Awarded,No,2025-08-13
AID000734,WMU00378,2023,Grant,1500,Awarded,No,2023-11-11
AID000735,WMU00239,2024,Scholarship,7500,Accepted,No,2024-01-13
AID000736,WMU00239,2023,Loan,1000,Awarded,No,2023-08-10
AID000737,WMU00045,2024,None,0,Disbursed,No,2024-09-09
AID000738,WMU00045,2025,None,0,Awarded,No,2025-01-21
AID000739,WMU00045,2023,Scholarship,10000,Awarded,Yes,2023-01-15
AID000740,WMU00174,2023,Work Study,12500,Accepted,No,2023-06-19
AID000741,WMU00174,2025,Loan,4000,Accepted,Yes,2025-08-17
AID000742,WMU00484,2023,Grant,12500,Awarded,No,2023-01-02
AID000743,WMU00457,2025,Scholarship,1500,Declined,No,2025-05-03
AID000744,WMU00457,2023,Loan,7500,Disbursed,No,2023-05-08
AID000745,WMU00001,2023,None,0,Declined,No,2023-12-11
AID000746,WMU00036,2023,None,0,Awarded,No,2023-11-01
AID000747,WMU00036,2025,Scholarship,4000,Declined,Yes,2025-01-25
AID000748,WMU00094,2024,None,0,Accepted,No,2024-11-13
AID000749,WMU00286,2023,Grant,12500,Disbursed,Yes,2023-02-15
AID000750,WMU00286,2024,Scholarship,5500,Disbursed,Yes,2024-05-17
AID000751,WMU00432,2025,Scholarship,7500,Disbursed,No,2025-11-08
AID000752,WMU00432,2023,None,0,Accepted,No,2023-11-26
AID000753,WMU00277,2025,Grant,5500,Awarded,Yes,2025-05-19
AID000754,WMU00277,2024,Scholarship,1500,Disbursed,No,2024-08-02
AID000755,WMU00120,2023,Loan,1500,Disbursed,Yes,2023-06-15
AID000756,WMU00120,2024,None,0,Accepted,Yes,2024-12-04
AID000757,WMU00071,2023,Grant,10000,Accepted,No,2023-05-13
AID000758,WMU00071,2024,Loan,10000,Accepted,No,2024-01-04
AID000759,WMU00433,2025,Loan,12500,Awarded,Yes,2025-10-23
AID000760,WMU00433,2024,Scholarship,5500,Accepted,No,2024-12-27
AID000761,WMU00405,2025,None,0,Disbursed,No,2025-12-19
AID000762,WMU00459,2024,Loan,2500,Awarded,No,2024-01-20
AID000763,WMU00117,2024,Grant,1000,Awarded,Yes,2024-02-22
AID000764,WMU00400,2023,Work Study,1500,Disbursed,Yes,2023-10-15
AID000765,WMU00400,2025,Scholarship,5500,Declined,Yes,2025-03-03
AID000766,WMU00400,2024,Scholarship,1000,Awarded,Yes,2024-11-25
AID000767,WMU00191,2025,Loan,10000,Awarded,No,2025-08-05
AID000768,WMU00463,2025,Scholarship,1500,Awarded,No,2025-11-09
AID000769,WMU00173,2023,Scholarship,10000,Declined,No,2023-12-14
AID000770,WMU00173,2024,Grant,2500,Accepted,Yes,2024-09-18
AID000771,WMU00173,2025,Scholarship,2500,Awarded,No,2025-04-25
AID000772,WMU00373,2025,Work Study,5500,Awarded,No,2025-07-03
AID000773,WMU00144,2025,Scholarship,4000,Disbursed,No,2025-02-23
AID000774,WMU00144,2023,Work Study,4000,Disbursed,Yes,2023-06-21
AID000775,WMU00144,2024,None,0,Awarded,No,2024-08-14
AID000776,WMU00132,2023,Scholarship,4000,Awarded,Yes,2023-11-06
AID000777,WMU00132,2025,Loan,2500,Accepted,No,2025-08-04
AID000778,WMU00411,2024,None,0,Accepted,No,2024-10-09
AID000779,WMU00171,2025,Scholarship,7500,Accepted,No,2025-05-09
AID000780,WMU00171,2024,Loan,5500,Accepted,No,2024-12-24
AID000781,WMU00171,2023,None,0,Disbursed,Yes,2023-02-03
AID000782,WMU00008,2023,Grant,10000,Declined,Yes,2023-10-23
AID000783,WMU00008,2025,None,0,Awarded,No,2025-09-16
AID000784,WMU00004,2023,Loan,7500,Awarded,No,2023-12-06
AID000785,WMU00004,2024,Work Study,12500,Awarded,Yes,2024-06-19
AID000786,WMU00149,2025,Scholarship,1000,Declined,No,2025-04-15
AID000787,WMU00314,2023,Work Study,2500,Disbursed,No,2023-12-01
AID000788,WMU00184,2023,Scholarship,7500,Declined,Yes,2023-09-26
AID000789,WMU00081,2023,None,0,Declined,No,2023-11-20
AID000790,WMU00161,2025,Scholarship,12500,Accepted,No,2025-08-28
AID000791,WMU00161,2024,None,0,Declined,No,2024-02-19
AID000792,WMU00161,2023,Scholarship,5500,Disbursed,No,2023-11-03
AID000793,WMU00269,2023,Work Study,4000,Disbursed,No,2023-01-07
AID000794,WMU00165,2025,Loan,10000,Disbursed,No,2025-02-04
AID000795,WMU00165,2024,Scholarship,7500,Declined,Yes,2024-04-07
AID000796,WMU00165,2023,Grant,1000,Awarded,No,2023-07-08
AID000797,WMU00371,2025,None,0,Accepted,Yes,2025-11-09
AID000798,WMU00058,2025,Scholarship,2500,Awarded,Yes,2025-08-22
AID000799,WMU00058,2023,None,0,Accepted,Yes,2023-03-21
AID000800,WMU00058,2024,Work Study,4000,Disbursed,No,2024-05-18
AID000801,WMU00494,2023,Grant,12500,Accepted,Yes,2023-02-20
AID000802,WMU00494,2025,Work Study,1000,Declined,Yes,2025-09-16
AID000803,WMU00398,2025,Work Study,2500,Disbursed,No,2025-04-21
AID000804,WMU00398,2023,Work Study,7500,Awarded,Yes,2023-10-24
AID000805,WMU00310,2024,Grant,1000,Awarded,No,2024-02-02
AID000806,WMU00310,2025,None,0,Awarded,No,2025-12-18
AID000807,WMU00310,2023,Loan,2500,Accepted,No,2023-03-07
AID000808,WMU00027,2023,Work Study,1000,Disbursed,Yes,2023-03-08
AID000809,WMU00027,2025,Loan,1000,Accepted,Yes,2025-01-23
AID000810,WMU00027,2024,Scholarship,5500,Accepted,No,2024-04-15
AID000811,WMU00367,2023,Work Study,2500,Awarded,Yes,2023-07-23
AID000812,WMU00367,2025,Work Study,4000,Awarded,No,2025-07-20
AID000813,WMU00099,2025,Loan,1000,Accepted,Yes,2025-01-09
AID000814,WMU00099,2024,Loan,5500,Declined,Yes,2024-01-13
AID000815,WMU00188,2024,Work Study,5500,Disbursed,Yes,2024-01-22
AID000816,WMU00474,2024,None,0,Awarded,Yes,2024-06-24
AID000817,WMU00474,2025,Grant,12500,Disbursed,No,2025-03-19
AID000818,WMU00474,2023,Work Study,2500,Awarded,Yes,2023-05-04
AID000819,WMU00234,2024,Grant,7500,Awarded,No,2024-10-19
AID000820,WMU00395,2024,Grant,7500,Accepted,No,2024-06-06
AID000821,WMU00395,2023,Scholarship,2500,Accepted,Yes,2023-06-17
AID000822,WMU00395,2025,None,0,Accepted,No,2025-11-15
AID000823,WMU00104,2024,Loan,1000,Declined,No,2024-07-06
AID000824,WMU00104,2023,Loan,4000,Declined,Yes,2023-02-03
AID000825,WMU00104,2025,Grant,7500,Accepted,No,2025-06-17
AID000826,WMU00357,2024,Work Study,2500,Disbursed,Yes,2024-04-03
AID000827,WMU00357,2023,Work Study,5500,Awarded,Yes,2023-01-09
AID000828,WMU00357,2025,Loan,1000,Disbursed,Yes,2025-09-14
AID000829,WMU00438,2024,Scholarship,2500,Accepted,No,2024-12-11
AID000830,WMU00331,2024,Grant,7500,Declined,No,2024-08-11
AID000831,WMU00331,2025,Work Study,12500,Awarded,Yes,2025-11-07
AID000832,WMU00331,2023,Work Study,4000,Awarded,No,2023-06-15
AID000833,WMU00305,2023,Loan,7500,Awarded,Yes,2023-07-01
AID000834,WMU00305,2024,None,0,Declined,No,2024-01-26
AID000835,WMU00121,2024,Scholarship,2500,Awarded,Yes,2024-04-13
AID000836,WMU00447,2025,Grant,4000,Declined,No,2025-07-22
AID000837,WMU00447,2024,Grant,2500,Accepted,Yes,2024-11-16
AID000838,WMU00447,2023,Loan,10000,Awarded,Yes,2023-12-08
AID000839,WMU00403,2025,Work Study,1500,Declined,No,2025-01-26
AID000840,WMU00403,2024,Scholarship,4000,Disbursed,No,2024-03-17
AID000841,WMU00403,2023,Loan,10000,Awarded,No,2023-04-19
AID000842,WMU00084,2024,Grant,1000,Awarded,No,2024-04-16
AID000843,WMU00084,2023,None,0,Declined,No,2023-05-11
AID000844,WMU00170,2025,Loan,5500,Awarded,Yes,2025-08-13
AID000845,WMU00170,2024,None,0,Accepted,No,2024-03-13
AID000846,WMU00178,2024,Loan,12500,Declined,Yes,2024-12-13
AID000847,WMU00178,2025,Grant,5500,Accepted,No,2025-10-21
AID000848,WMU00178,2023,None,0,Accepted,No,2023-11-21
AID000849,WMU00260,2025,None,0,Disbursed,No,2025-09-28
AID000850,WMU00260,2023,Loan,12500,Accepted,No,2023-06-14
AID000851,WMU00260,2024,None,0,Awarded,No,2024-08-17
AID000852,WMU00362,2023,Grant,12500,Accepted,Yes,2023-08-21
AID000853,WMU00362,2024,Grant,12500,Disbursed,No,2024-02-22
AID000010,WMU00115,2023,Grant,4000,Declined,Yes,2023-12-04
